Date,Day,Production,Sched,Adj,Write-off,Net Production,Pt Income,Unearned Pt Income,Ins Income,Collections
06/01/2023,Thu,"5,978.00",0,-650.4,-398.2,"4,929.40","1,376.20",616,"2,296.60","4,288.80"
06/02/2023,Fri,"5,831.00",0,0,0,"5,831.00",822.4,0,0,822.4
06/03/2023,Sat,0,0,0,0,0,0,0,0,0
06/04/2023,Sun,0,0,0,0,0,0,0,0,0
06/05/2023,Mon,"7,301.00",0,"-1,546.27","-9,226.27","-3,471.54","1,293.95","1,918.40","8,000.90","11,213.25"
06/06/2023,Tue,"4,862.00",0,-253.2,"-1,479.00","3,129.80","1,004.67",0,801,"1,805.67"
06/07/2023,Wed,"11,480.40",0,-73.9,"-1,228.00","10,178.50","2,893.13",50,430.2,"3,373.33"
06/08/2023,Thu,"6,596.00",0,113.09,"-5,916.59",792.5,"2,370.18",57,"4,891.21","7,318.39"
06/09/2023,Fri,"1,519.00",0,-297.2,"-1,301.00",-79.2,246.5,0,"1,200.30","1,446.80"
06/10/2023,Sat,0,0,0,0,0,0,0,0,0
06/11/2023,Sun,0,0,0,0,0,0,0,0,0
06/12/2023,Mon,"12,076.00",0,442.9,"-5,921.88","6,597.02","2,437.06",496.4,"8,164.44","11,097.90"
06/13/2023,Tue,"1,509.00",0,-226.23,"-1,926.82",-644.05,123.4,0,74,197.4
06/14/2023,Wed,"12,309.00",0,-611.5,"-3,454.40","8,243.10","4,021.45",0,"2,642.98","6,664.43"
06/15/2023,Thu,"2,408.00",0,"-1,658.71","-1,757.60","-1,008.31",505.2,0,"4,236.30","4,741.50"
06/16/2023,Fri,"2,090.00",0,"-4,621.07",-782,"-3,313.07",361.5,0,715.9,"1,077.40"
06/17/2023,Sat,0,0,0,0,0,0,0,0,0
06/18/2023,Sun,0,0,0,0,0,0,0,0,0
06/19/2023,Mon,"12,948.00",0,21.2,"-5,507.39","7,461.81","6,479.19",115.52,"3,980.05","10,574.76"
06/20/2023,Tue,"7,253.00",0,-230.7,"-3,369.47","3,652.83","1,696.00",51,"4,639.43","6,386.43"
06/21/2023,Wed,"5,185.00",0,244.85,"-3,334.00","2,095.85",639.3,0,"1,795.70","2,435.00"
06/22/2023,Thu,"5,268.00",0,413.45,"-2,622.00","3,059.45","3,721.20",48.4,"4,856.75","8,626.35"
06/23/2023,Fri,"8,128.40",0,-115,"-1,045.00","6,968.40","1,415.58",0,"1,573.80","2,989.38"
06/24/2023,Sat,"8,829.00",0,0,0,"8,829.00","1,403.50",50,0,"1,453.50"
06/25/2023,Sun,0,0,0,0,0,0,0,0,0
06/26/2023,Mon,"11,331.00",0,31.36,"-9,496.46","1,865.90","4,163.50",0,"5,919.58","10,083.08"
06/27/2023,Tue,"3,354.00",0,-167.5,"-1,666.00","1,520.50",792.8,0,670,"1,462.80"
06/28/2023,Wed,"7,365.00",0,673.04,"-4,211.97","3,826.07","1,156.97",0,"2,275.90","3,432.87"
06/29/2023,Thu,"6,725.00",0,0,"-1,158.00","5,567.00","1,976.96",24.2,"2,853.50","4,854.66"
06/30/2023,Fri,"8,671.80",0,40,"-3,240.11","5,471.69","3,695.65",0,"2,104.36","5,800.01"
07/01/2023,Sat,0,0,0,0,0,0,0,0,0
07/02/2023,Sun,0,0,0,0,0,0,0,0,0
07/03/2023,Mon,"11,019.00",0,293.33,"-7,943.00","3,369.33","1,603.31",0,"6,582.49","8,185.80"
07/04/2023,Tue,0,0,0,0,0,0,0,0,0
07/05/2023,Wed,"24,421.70",0,200.4,"-11,380.00","13,242.10","1,651.55",0,"5,278.40","6,929.95"
07/06/2023,Thu,"10,503.00",0,379,"-1,749.00","9,133.00","3,927.90",0,"1,068.00","4,995.90"
07/07/2023,Fri,"6,650.00",0,0,0,"6,650.00","1,751.95",0,0,"1,751.95"
07/08/2023,Sat,0,0,0,0,0,0,0,0,0
07/09/2023,Sun,0,0,0,0,0,0,0,0,0
07/10/2023,Mon,"11,183.00",0,724.66,"-1,533.60","10,374.06","2,278.72",0,209.56,"2,488.28"
07/11/2023,Tue,"9,851.00",0,30,"-2,561.96","7,319.04","1,661.85",0,"1,517.14","3,178.99"
07/12/2023,Wed,"19,668.00",0,-411,"-4,237.81","15,019.19","3,007.22",0,"2,297.33","5,304.55"
07/13/2023,Thu,0,0,-360,"-1,219.70","-1,579.70",274.05,0,"1,899.80","2,173.85"
07/14/2023,Fri,988,0,0,0,988,144,0,0,144
07/15/2023,Sat,0,0,0,0,0,0,0,0,0
07/16/2023,Sun,0,0,0,0,0,0,0,0,0
07/17/2023,Mon,"14,135.50",0,118.35,"-25,411.48","-11,157.63","3,874.57",225,"12,324.66","16,424.23"
07/18/2023,Tue,"10,737.00",0,-22,-192,"10,523.00","3,740.00",300.2,190,"4,230.20"
07/19/2023,Wed,"12,527.00",0,-369.1,"-4,745.57","7,412.33","1,546.86",2,"1,556.93","3,105.79"
07/20/2023,Thu,"19,568.00",0,112,"-1,281.80","18,398.20","6,080.50",0,"2,300.30","8,380.80"
07/21/2023,Fri,"7,931.00",0,0,0,"7,931.00","3,852.90",0,0,"3,852.90"
07/22/2023,Sat,"12,500.00",90,0,"-1,597.50","10,992.50","1,687.50",0,884.3,"2,571.80"
07/23/2023,Sun,0,151,0,0,151,0,0,0,0
07/24/2023,Mon,"17,351.00",0,-240.4,"-6,277.20","10,833.40","4,306.08",0,"4,605.63","8,911.71"
07/25/2023,Tue,"9,807.00",0,-239,"-8,347.00","1,221.00","1,331.25",0,"1,624.30","2,955.55"
07/26/2023,Wed,"3,797.00",0,-89.25,"-5,225.00","-1,517.25",942.55,0,"3,016.25","3,958.80"
07/27/2023,Thu,"2,680.00",0,-334.99,"-2,556.30",-211.29,"3,390.35",0,"2,591.91","5,982.26"
07/28/2023,Fri,"6,767.00",0,167,"-3,789.89","3,144.11",433.87,237.7,"3,905.13","4,576.70"
07/29/2023,Sat,0,0,0,0,0,0,0,0,0
07/30/2023,Sun,0,0,0,0,0,0,0,0,0
07/31/2023,Mon,"13,777.00",0,-118,"-7,817.54","5,841.46","4,605.50",0,"3,939.27","8,544.77"
08/01/2023,Tue,"6,979.00",0,-295.2,"-3,341.10","3,342.70","2,669.00",0,"1,264.25","3,933.25"
08/02/2023,Wed,"5,651.00",0,-266.29,"-8,572.21","-3,187.50","1,292.95",0,"4,544.24","5,837.19"
08/03/2023,Thu,"2,233.00",0,-238.6,"-1,532.90",461.5,"2,725.60",0,"2,553.10","5,278.70"
08/04/2023,Fri,"3,137.00",0,-142,-655.1,"2,339.90","1,402.80",126,288.9,"1,817.70"
08/05/2023,Sat,"7,056.50",0,-43,0,"7,013.50","1,689.70",0,0,"1,689.70"
08/06/2023,Sun,0,0,0,0,0,0,0,0,0
08/07/2023,Mon,"12,762.00",0,-457.08,"-9,165.07","3,139.85","2,450.93","2,239.88","8,403.13","13,093.94"
08/08/2023,Tue,"9,838.30",0,12.8,-945.75,"8,905.35","1,838.70",592.2,893.62,"3,324.52"
08/09/2023,Wed,"14,832.00",0,61.2,"-8,793.60","6,099.60","3,412.35",0,"4,342.40","7,754.75"
08/10/2023,Thu,"6,214.00",0,-115,"-1,240.00","4,859.00","2,122.80",332.4,694.5,"3,149.70"
08/11/2023,Fri,"8,285.00",0,0,0,"8,285.00","2,966.40",237.5,0,"3,203.90"
08/12/2023,Sat,0,0,0,0,0,0,0,0,0
08/13/2023,Sun,0,0,0,0,0,0,0,0,0
08/14/2023,Mon,"13,305.76",0,748.23,"-5,366.35","8,687.64","3,065.64",104.2,"6,829.82","9,999.66"
08/15/2023,Tue,"12,546.00",0,0,-132,"12,414.00","3,029.10","2,579.40",98.4,"5,706.90"
08/16/2023,Wed,"6,791.00",0,149.7,"-8,621.00","-1,680.30","1,762.10",44.4,"4,025.10","5,831.60"
08/17/2023,Thu,"6,942.00",0,-376.8,"-3,587.00","2,978.20","1,619.95",237.95,"2,896.40","4,754.30"
08/18/2023,Fri,"5,678.00",0,7.5,"-3,235.64","2,449.86","2,941.75",0,"1,638.81","4,580.56"
08/19/2023,Sat,"12,172.00",0,0,0,"12,172.00","1,973.20","2,678.00",0,"4,651.20"
08/20/2023,Sun,0,0,0,0,0,0,0,0,0
08/21/2023,Mon,"9,733.90",0,-85.4,"-10,725.59","-1,077.09","4,411.05",600,"3,035.76","8,046.81"
08/22/2023,Tue,"1,355.70",0,-163,"-1,959.60",-766.9,379,21,354,754
08/23/2023,Wed,"4,969.00",0,0,"-5,932.00",-963,"1,728.00",567.8,"3,028.90","5,324.70"
08/24/2023,Thu,"8,096.90",0,0,-264,"7,832.90","3,887.20",252,246,"4,385.20"
08/25/2023,Fri,"5,053.72",0,29.92,"-1,877.07","3,206.57",435.8,175,"1,492.85","2,103.65"
08/26/2023,Sat,0,0,0,0,0,0,0,0,0
08/27/2023,Sun,0,0,0,0,0,0,0,0,0
08/28/2023,Mon,"10,305.00",0,-5.5,"-3,005.55","7,293.95","4,793.23",232.6,"2,429.29","7,455.12"
08/29/2023,Tue,"9,186.00",0,25,-98,"9,113.00","2,795.80",0,11,"2,806.80"
08/30/2023,Wed,"2,268.86",0,0,"-2,475.00",-206.14,"1,889.26",0,"1,426.70","3,315.96"
08/31/2023,Thu,"11,233.00",0,104.5,"-5,617.30","5,720.20","2,591.22",0,"3,833.95","6,425.17"
09/01/2023,Fri,"5,227.00",0,0,"-4,713.15",513.85,"1,350.26",0,"1,387.10","2,737.36"
09/02/2023,Sat,0,0,0,0,0,0,0,0,0
09/03/2023,Sun,0,0,0,0,0,0,0,0,0
09/04/2023,Mon,0,0,0,0,0,0,0,0,0
09/05/2023,Tue,864,297,0,0,"1,161.00",16,0,0,16
09/06/2023,Wed,0,88,119.2,"-3,951.00","-3,743.80",0,0,"2,517.80","2,517.80"
09/07/2023,Thu,"14,780.00",0,118.7,"-3,730.76","11,167.94","20,175.80",486.9,"3,376.99","24,039.69"
09/08/2023,Fri,"5,147.00",0,81.6,"-1,570.60","3,658.00","2,060.90",90,"1,748.70","3,899.60"
09/09/2023,Sat,"6,940.00",0,0,0,"6,940.00","1,731.20",0,0,"1,731.20"
09/10/2023,Sun,0,0,0,0,0,0,0,0,0
09/11/2023,Mon,"7,311.80",0,48.84,-53,"7,307.64","2,579.00","1,849.60",0,"4,428.60"
09/12/2023,Tue,"9,576.70",0,46.27,"-1,370.20","8,252.77","1,374.00",25.2,"1,868.27","3,267.47"
09/13/2023,Wed,"11,098.90",0,323.7,"-6,561.00","4,861.60","3,072.50",25,"3,018.45","6,115.95"
09/14/2023,Thu,994,0,517.04,"-7,620.61","-6,109.57",295,0,"10,989.91","11,284.91"
09/15/2023,Fri,847,0,0,0,847,53.3,0,0,53.3
09/16/2023,Sat,0,0,0,0,0,0,0,0,0
09/17/2023,Sun,0,0,0,0,0,0,0,0,0
09/18/2023,Mon,"12,696.00",0,-47.92,-284,"12,364.08","4,827.60",684,213.6,"5,725.20"
09/19/2023,Tue,"6,069.86",0,0,"-3,613.72","2,456.14","1,505.00",0,"2,381.11","3,886.11"
09/20/2023,Wed,"7,924.00",0,6.4,"-4,541.00","3,389.40","1,929.35",0,"1,890.90","3,820.25"
09/21/2023,Thu,"7,972.86",0,-329.92,"-6,274.87","1,368.07","2,641.90",591.5,"1,774.00","5,007.40"
09/22/2023,Fri,"13,008.00",0,0,"-2,266.00","10,742.00","2,036.60",5.2,939.6,"2,981.40"
09/23/2023,Sat,0,0,0,0,0,0,0,0,0
09/24/2023,Sun,0,0,0,0,0,0,0,0,0
09/25/2023,Mon,"8,330.00",0,0,"-2,843.57","5,486.43","1,328.70",68,"2,611.48","4,008.18"
09/26/2023,Tue,"8,996.00",0,244.98,"-3,351.00","5,889.98","11,565.61",328.6,942.2,"12,836.41"
09/27/2023,Wed,"7,723.00",0,0,"-2,019.00","5,704.00","2,399.82",150,"1,102.50","3,652.32"
09/28/2023,Thu,"8,165.00",0,114.8,"-3,058.20","5,221.60","10,256.00",813.4,"2,907.80","13,977.20"
09/29/2023,Fri,"7,479.00",0,53.6,"-1,120.85","6,411.75","9,302.50",0,"1,108.65","10,411.15"
09/30/2023,Sat,"11,473.00",0,0,0,"11,473.00",916.15,932.4,0,"1,848.55"
10/01/2023,Sun,0,0,0,0,0,0,0,0,0
10/02/2023,Mon,"7,783.00",0,0,-839.3,"6,943.70","1,093.80",277.8,574.4,"1,946.00"
10/03/2023,Tue,"13,323.00",0,22,"-2,863.77","10,481.23","1,200.10",195,"2,806.24","4,201.34"
10/04/2023,Wed,"7,854.00",605,167.3,"-12,396.60","-3,770.30","2,240.00",0.8,"9,495.60","11,736.40"
10/05/2023,Thu,"14,115.00",0,0,"-2,210.10","11,904.90",646.55,667.6,"1,498.90","2,813.05"
10/06/2023,Fri,652,349,0,0,"1,001.00",55,0,0,55
10/07/2023,Sat,0,0,0,0,0,0,0,0,0
10/08/2023,Sun,0,0,0,0,0,0,0,0,0
10/09/2023,Mon,0,0,0,0,0,0,0,0,0
10/10/2023,Tue,75,0,0,0,75,75,0,0,75
10/11/2023,Wed,0,0,0,0,0,0,0,0,0
10/12/2023,Thu,0,0,0,0,0,0,0,0,0
10/13/2023,Fri,0,0,0,0,0,0,0,0,0
10/14/2023,Sat,0,0,0,0,0,0,0,0,0
10/15/2023,Sun,0,0,0,0,0,0,0,0,0
10/16/2023,Mon,"1,306.00",0,0,0,"1,306.00",373.5,786.45,0,"1,159.95"
10/17/2023,Tue,"9,105.90",0,315.1,"-16,491.04","-7,070.04","5,331.23",502.3,"9,949.81","15,783.34"
10/18/2023,Wed,"22,050.00",0,-135.3,"-14,333.19","7,581.51","3,117.20","2,944.50","9,364.66","15,426.36"
10/19/2023,Thu,"10,102.90",0,117.18,-985.98,"9,234.10","4,220.95",561.4,381.17,"5,163.52"
10/20/2023,Fri,"10,731.86",0,32.79,-908.3,"9,856.35","2,053.70",0,520.36,"2,574.06"
10/21/2023,Sat,"1,654.00",0,0,0,"1,654.00",0,0,0,0
10/22/2023,Sun,0,0,0,0,0,0,0,0,0
10/23/2023,Mon,"1,935.00",0,-9.6,"-5,272.20","-3,346.80",766.75,116,"2,956.00","3,838.75"
10/24/2023,Tue,"2,057.90",0,201.2,-765,"1,494.10",640,394,0,"1,034.00"
10/25/2023,Wed,"1,263.00",0,-195,0,"1,068.00",125,0,0,125
10/26/2023,Thu,"1,399.00",0,25,0,"1,424.00",146.56,32.4,0,178.96
10/27/2023,Fri,"1,455.00",0,0,0,"1,455.00",54.6,23.6,0,78.2
10/28/2023,Sat,0,0,0,0,0,0,0,0,0
10/29/2023,Sun,0,0,0,0,0,0,0,0,0
10/30/2023,Mon,"8,617.20",0,-3.95,"-12,838.29","-4,225.04","5,150.00",0,"8,932.92","14,082.92"
10/31/2023,Tue,"9,676.80",0,0,-474,"9,202.80","1,421.57",206.05,278.6,"1,906.22"
11/01/2023,Wed,"9,265.00",0,-410.9,"-3,135.73","5,718.37","5,554.34",562.35,"2,612.17","8,728.86"
11/02/2023,Thu,"13,259.00",99,-43,-190,"13,125.00","1,396.48",474.2,0,"1,870.68"
11/03/2023,Fri,"17,521.86",0,"-1,268.06",-514,"15,739.80","1,251.00",175,334,"1,760.00"
11/04/2023,Sat,"5,612.00",0,0,0,"5,612.00","1,561.70",125,0,"1,686.70"
11/05/2023,Sun,0,0,0,0,0,0,0,0,0
11/06/2023,Mon,"11,972.90",0,35.39,"-6,176.26","5,832.03","1,400.80","1,759.00","4,262.34","7,422.14"
11/07/2023,Tue,"4,340.00",0,-150.1,"-7,452.00","-3,262.10","1,198.80",406,"4,834.70","6,439.50"
11/08/2023,Wed,"6,574.86",0,0,"-4,395.00","2,179.86","2,128.54",0,"2,083.20","4,211.74"
11/09/2023,Thu,"7,076.00",0,-467.6,-347,"6,261.40",789.7,"1,472.00",0,"2,261.70"
11/10/2023,Fri,"9,992.90",0,"-2,126.60","-5,425.76","2,440.54","1,317.50",35,702.44,"2,054.94"
11/11/2023,Sat,0,0,0,0,0,0,0,0,0
11/12/2023,Sun,0,0,0,0,0,0,0,0,0
11/13/2023,Mon,"11,549.00",0,"-1,835.00","-1,444.25","8,269.75","2,322.30",927,589.81,"3,839.11"
11/14/2023,Tue,"17,428.00",0,636.87,"-5,519.18","12,545.69","2,176.10",245,"5,828.81","8,249.91"
11/15/2023,Wed,"2,281.46",0,0,0,"2,281.46",379.35,14,0,393.35
11/16/2023,Thu,"6,617.00",0,-192.1,"-2,355.00","4,069.90","1,010.90","1,277.00","5,088.30","7,376.20"
11/17/2023,Fri,"3,754.00",411,39.7,"-1,560.94","2,643.76",56.4,393.6,"2,057.22","2,507.22"
11/18/2023,Sat,"12,120.00",0,0,0,"12,120.00","3,354.30","1,924.90",0,"5,279.20"
11/19/2023,Sun,0,0,0,0,0,0,0,0,0
11/20/2023,Mon,"6,263.10",0,-517,"-1,488.60","4,257.50","1,349.20",19.2,0,"1,368.40"
11/21/2023,Tue,"10,239.00",0,-229.43,"-5,883.88","4,125.69","1,877.69","2,011.40","4,931.66","8,820.75"
11/22/2023,Wed,"11,731.90",297,-738.33,"-11,430.00",-139.43,"1,903.70",456,"5,598.10","7,957.80"
11/23/2023,Thu,0,0,0,0,0,0,0,0,0
11/24/2023,Fri,0,0,0,0,0,0,0,0,0
11/25/2023,Sat,0,0,0,0,0,0,0,0,0
11/26/2023,Sun,0,0,0,0,0,0,0,0,0
11/27/2023,Mon,"6,319.00",0,127.09,"-3,633.28","2,812.81","1,056.60",262.8,"5,162.35","6,481.75"
11/28/2023,Tue,"18,333.00",0,-38.79,"-4,616.95","13,677.26","1,045.90",124,"2,356.16","3,526.06"
11/29/2023,Wed,"8,537.00",210,0,-182.88,"8,564.12","2,163.85",0,264.02,"2,427.87"
11/30/2023,Thu,"4,095.86",0,718.42,"-3,740.00","1,074.28","1,415.51",148.89,"4,281.00","5,845.40"
12/01/2023,Fri,"8,196.00",0,0,"-3,295.70","4,900.30","1,606.30","1,000.00","1,561.88","4,168.18"
12/02/2023,Sat,"10,886.00",0,0,0,"10,886.00","2,531.35","1,224.30",0,"3,755.65"
12/03/2023,Sun,0,0,0,0,0,0,0,0,0
12/04/2023,Mon,"10,036.06",0,0,"-2,434.12","7,601.94","2,123.23",190,"2,366.35","4,679.58"
12/05/2023,Tue,"6,916.00",0,-501.32,-759,"5,655.68","3,492.29",91.4,192,"3,775.69"
12/06/2023,Wed,"2,107.76",0,0.81,0,"2,108.57",0,41,0,41
12/07/2023,Thu,848.86,0,-128,"-1,063.00",-342.14,16,0,"1,755.40","1,771.40"
12/08/2023,Fri,166.9,0,-121,0,45.9,0,0,0,0
12/09/2023,Sat,0,0,0,0,0,0,0,0,0
12/10/2023,Sun,0,0,0,0,0,0,0,0,0
12/11/2023,Mon,"5,939.52",99,"1,020.96","-1,666.75","5,392.73","2,431.06",0,614.9,"3,045.96"
12/12/2023,Tue,"4,957.00",99,-458.4,"-6,765.00","-2,167.40","1,273.56",0,"2,889.10","4,162.66"
12/13/2023,Wed,"8,348.90",0,"-1,767.10","-3,621.00","2,960.80","2,957.17",67.8,"1,710.00","4,734.97"
12/14/2023,Thu,"15,550.00",0,84,"-5,557.89","10,076.11","3,010.26",75,"3,893.81","6,979.07"
12/15/2023,Fri,"3,990.00",0,0,0,"3,990.00",329.8,150,0,479.8
12/16/2023,Sat,"11,460.00",0,0,0,"11,460.00","1,738.66","2,395.00",0,"4,133.66"
12/17/2023,Sun,0,0,0,0,0,0,0,0,0
12/18/2023,Mon,"12,284.86",0,-335.7,"-2,370.74","9,578.42","3,019.50",233.8,"2,654.58","5,907.88"
12/19/2023,Tue,"5,224.00",0,215.1,"-2,144.91","3,294.19",844.1,114,"1,321.66","2,279.76"
12/20/2023,Wed,"6,903.40",0,"1,214.00","-8,971.00",-853.6,993.8,400,"3,929.38","5,323.18"
12/21/2023,Thu,"7,265.70",0,190.82,-586.95,"6,869.57","1,903.10",245.2,365.95,"2,514.25"
12/22/2023,Fri,"12,722.00",0,-376.8,"-3,072.95","9,272.25","3,206.34","1,059.50","2,707.46","6,973.30"
12/23/2023,Sat,0,0,0,0,0,0,0,0,0
12/24/2023,Sun,0,0,0,0,0,0,0,0,0
12/25/2023,Mon,0,0,0,0,0,0,0,0,0
12/26/2023,Tue,0,0,0,0,0,0,0,0,0
12/27/2023,Wed,"10,637.00",0,-203.35,"-9,016.95","1,416.70","1,513.70",9.2,"4,760.91","6,283.81"
12/28/2023,Thu,"17,171.80",0,-121.8,"-4,287.90","12,762.10","2,382.67",102,"2,240.80","4,725.47"
12/29/2023,Fri,"10,089.52",0,-115,-762,"9,212.52",555.7,"1,269.56",392,"2,217.26"
12/30/2023,Sat,0,0,0,0,0,0,0,0,0
12/31/2023,Sun,0,0,0,0,0,0,0,0,0
01/01/2024,Mon,0,0,0,0,0,0,0,0,0
01/02/2024,Tue,0,0,0,0,0,0,0,0,0
01/03/2024,Wed,"11,201.90",0,-78.58,"-7,091.04","4,032.28","2,166.65",100,"6,965.12","9,231.77"
01/04/2024,Thu,"5,976.86",0,-443.96,"-7,682.00","-2,149.10",887.79,535,"4,950.80","6,373.59"
01/05/2024,Fri,"6,920.10",0,0,"-3,339.00","3,581.10","1,279.47",586.5,"1,828.80","3,694.77"
01/06/2024,Sat,0,0,0,0,0,0,0,0,0
01/07/2024,Sun,0,0,0,0,0,0,0,0,0
01/08/2024,Mon,"11,758.00",0,-156.8,"-3,076.43","8,524.77","5,741.92",80,"2,185.25","8,007.17"
01/09/2024,Tue,"7,175.00",0,"-1,867.28","-1,865.00","3,442.72","1,362.20",0,0,"1,362.20"
01/10/2024,Wed,"6,379.90",0,-67.5,"-10,047.01","-3,734.61","1,938.43",99,"5,015.69","7,053.12"
01/11/2024,Thu,0,0,0,0,0,0,0,0,0
01/12/2024,Fri,0,0,0,-201,-201,0,0,0,0
01/13/2024,Sat,0,0,0,0,0,0,0,0,0
01/14/2024,Sun,0,0,0,0,0,0,0,0,0
01/15/2024,Mon,"6,763.00",0,0,-916,"5,847.00","1,881.61",391,50,"2,322.61"
01/16/2024,Tue,"5,162.86",0,-76,"-1,009.25","4,077.61","1,853.40",0,"1,159.55","3,012.95"
01/17/2024,Wed,"14,346.04",0,-274.41,"-7,457.06","6,614.57","3,560.06",389.74,"6,387.80","10,337.60"
01/18/2024,Thu,"10,146.90",0,666.53,"-3,482.37","7,331.06","1,964.35",448.4,"3,309.48","5,722.23"
01/19/2024,Fri,"5,162.00",0,207.7,0,"5,369.70","1,450.10","2,435.40",0,"3,885.50"
01/20/2024,Sat,"5,967.00",0,0,0,"5,967.00","1,168.80",631,0,"1,799.80"
01/21/2024,Sun,0,0,0,0,0,0,0,0,0
01/22/2024,Mon,"14,687.40",0,-149.09,"-7,137.02","7,401.29","2,334.02",510.8,"3,590.97","6,435.79"
01/23/2024,Tue,"7,226.30",0,"-1,292.20","-3,638.06","2,296.04","14,561.30","2,735.20","2,757.80","20,054.30"
01/24/2024,Wed,"17,836.00",0,-992.7,-532,"16,311.30","7,558.30",61.4,331,"7,950.70"
01/25/2024,Thu,"5,835.00",0,-322.76,"-7,362.51","-1,850.27",427.15,100,"3,856.02","4,383.17"
01/26/2024,Fri,"8,302.00",0,30.8,0,"8,332.80","1,471.90",514.67,0,"1,986.57"
01/27/2024,Sat,"3,767.58",0,0,0,"3,767.58","1,105.80",0,0,"1,105.80"
01/28/2024,Sun,0,0,0,0,0,0,0,0,0
01/29/2024,Mon,"14,243.40",0,811.99,"-8,943.89","6,111.50","5,704.87",0,"10,233.87","15,938.74"
01/30/2024,Tue,"13,120.00",0,134.1,"-5,575.64","7,678.46","2,310.00",0,"4,151.06","6,461.06"
01/31/2024,Wed,"8,786.00",0,-333.7,"-7,868.29",584.01,"2,511.40",227,"3,726.11","6,464.51"
02/01/2024,Thu,"6,163.90",0,-49.1,-484,"5,630.80","1,119.68","1,604.00",382,"3,105.68"
02/02/2024,Fri,"3,341.00",0,0,0,"3,341.00","1,819.81",517,0,"2,336.81"
02/03/2024,Sat,0,0,0,0,0,0,0,0,0
02/04/2024,Sun,0,0,0,0,0,0,0,0,0
02/05/2024,Mon,"11,260.90",0,86.8,"-6,351.50","4,996.20","2,346.60",323.6,"6,005.90","8,676.10"
02/06/2024,Tue,"6,514.00",0,668.14,"-2,462.94","4,719.20","1,792.50",130.2,"4,016.26","5,938.96"
02/07/2024,Wed,"9,685.00",0,628.63,-810,"9,503.63","7,544.60",0,191,"7,735.60"
02/08/2024,Thu,"11,388.86",0,-223.81,"-2,298.00","8,867.05","1,663.48",25.2,"1,635.18","3,323.86"
02/09/2024,Fri,"10,025.00",0,291.2,"-7,362.51","2,953.69",678.96,0,"4,809.29","5,488.25"
02/10/2024,Sat,"12,878.00",0,0,0,"12,878.00","3,496.47",149,0,"3,645.47"
02/11/2024,Sun,0,0,0,0,0,0,0,0,0
02/12/2024,Mon,"12,627.63",0,-803.54,"-5,904.86","5,919.23","2,580.61",0,"5,658.03","8,238.64"
02/13/2024,Tue,"8,310.00",0,-498,-700,"7,112.00","1,403.30","1,278.30",0,"2,681.60"
02/14/2024,Wed,"9,318.00",0,-18.9,"-2,555.60","6,743.50","3,356.00",240.2,341.8,"3,938.00"
02/15/2024,Thu,"1,002.00",0,-43,0,959,143.5,0,0,143.5
02/16/2024,Fri,0,0,0,0,0,0,0,0,0
02/17/2024,Sat,0,0,0,0,0,0,0,0,0
02/18/2024,Sun,0,0,0,0,0,0,0,0,0
02/19/2024,Mon,"11,400.86",0,"-1,131.38","-1,564.63","8,704.85","2,081.86",-304,"2,208.89","3,986.75"
02/20/2024,Tue,"15,034.50",0,245.2,"-9,020.00","6,259.70","1,739.17",188.6,"6,170.50","8,098.27"
02/21/2024,Wed,"6,053.82",0,-975.6,"-6,086.70","-1,008.48","1,855.76",96.2,"4,291.35","6,243.31"
02/22/2024,Thu,"8,974.00",0,-0.04,0,"8,973.96","2,420.40",0,0,"2,420.40"
02/23/2024,Fri,"8,075.90",0,40,-243.87,"7,872.03","3,919.80",116,133.24,"4,169.04"
02/24/2024,Sat,"7,290.00",0,0,0,"7,290.00","1,803.73",196.8,0,"2,000.53"
02/25/2024,Sun,0,0,0,0,0,0,0,0,0
02/26/2024,Mon,"12,037.00",0,804.83,"-18,370.92","-5,529.09","2,725.32",40.4,"12,745.90","15,511.62"
02/27/2024,Tue,"5,314.90",0,-865.91,-835.15,"3,613.84","1,910.80","1,308.20","2,648.12","5,867.12"
02/28/2024,Wed,"7,972.00",0,"1,725.31",0,"9,697.31",960.51,100,0,"1,060.51"
02/29/2024,Thu,"7,299.00",0,847.93,"-13,581.80","-5,434.87",115.7,354,"4,672.20","5,141.90"
03/01/2024,Fri,"6,542.90",0,"1,503.74",-18,"8,028.64","4,602.00",728,0,"5,330.00"
03/02/2024,Sat,"11,198.00",0,0,0,"11,198.00","1,923.71",124.2,0,"2,047.91"
03/03/2024,Sun,0,0,0,0,0,0,0,0,0
03/04/2024,Mon,"7,653.90",0,154.3,"-3,279.06","4,529.14","3,453.94",100,"3,311.33","6,865.27"
03/05/2024,Tue,"4,160.80",0,2.38,"-6,350.80","-2,187.62","1,019.50",100,"7,823.36","8,942.86"
03/06/2024,Wed,"7,947.36",50,114,-277,"7,834.36","3,532.48",817,184,"4,533.48"
03/07/2024,Thu,"1,623.00",0,-158.8,0,"1,464.20",578.3,470,0,"1,048.30"
03/08/2024,Fri,"7,248.00",0,"1,600.81","-13,343.56","-4,494.75","2,109.35",-472.5,"8,462.66","10,099.51"
03/09/2024,Sat,"5,682.00",0,0,0,"5,682.00",625.71,518.8,0,"1,144.51"
03/10/2024,Sun,0,0,0,0,0,0,0,0,0
03/11/2024,Mon,"10,826.80",0,635.1,"-3,770.27","7,691.63","2,716.73",-670.45,"3,567.08","5,613.36"
03/12/2024,Tue,"1,959.00",0,-767.7,-848,343.3,568,-136,129.6,561.6
03/13/2024,Wed,"2,271.60",0,0,-763,"1,508.60",393.9,0,0,393.9
03/14/2024,Thu,"2,157.80",0,0,0,"2,157.80",287.2,0,0,287.2
03/15/2024,Fri,0,0,0,0,0,0,170,0,170
03/16/2024,Sat,0,0,0,0,0,0,0,0,0
03/17/2024,Sun,0,0,0,0,0,0,0,0,0
03/18/2024,Mon,"17,551.50",0,960.51,"-13,608.91","4,903.10","4,141.55","2,206.05","9,624.79","15,972.39"
03/19/2024,Tue,"13,581.00",0,"-1,533.56","-3,318.79","8,728.65","6,117.50","3,897.50","5,279.39","15,294.39"
03/20/2024,Wed,"13,636.90",0,"-1,311.20","-2,602.00","9,723.70","5,082.00",-85.55,830,"5,826.45"
03/21/2024,Thu,"8,282.00",0,213.21,"-5,311.10","3,184.11","1,533.97",-410,"2,917.20","4,041.17"
03/22/2024,Fri,"7,807.00",0,-315,-561.62,"6,930.38","1,604.40","1,158.80",216.18,"2,979.38"
03/23/2024,Sat,0,0,0,0,0,0,0,0,0
03/24/2024,Sun,0,0,0,0,0,0,0,0,0
03/25/2024,Mon,"15,471.00",0,-318.2,"-1,625.00","13,527.80","6,602.00","6,780.46",963,"14,345.46"
03/26/2024,Tue,"13,709.90",0,-664.1,-892,"12,153.80","14,567.40","-1,490.00","3,582.15","16,659.55"
03/27/2024,Wed,"15,685.00",0,"-1,200.90","-1,698.00","12,786.10","6,092.40","-3,936.20",999.9,"3,156.10"
03/28/2024,Thu,"7,394.00",0,-370.22,0,"7,023.78","1,094.24",642.75,0,"1,736.99"
03/29/2024,Fri,"8,263.36",0,72.22,"-6,709.89","1,625.69","12,160.85",595.84,"4,564.41","17,321.10"
03/30/2024,Sat,"13,611.90",0,0,0,"13,611.90","3,633.99",69.31,0,"3,703.30"
03/31/2024,Sun,0,0,0,0,0,0,0,0,0
04/01/2024,Mon,"11,586.50",0,"-1,756.75","-1,899.00","7,930.75","3,149.67",-812,914.2,"3,251.87"
04/02/2024,Tue,"6,582.00",0,-229.82,"-8,547.29","-2,195.11","1,700.60",-211,"5,024.27","6,513.87"
04/03/2024,Wed,"8,798.00",0,179.4,0,"8,977.40","4,171.20",948.2,0,"5,119.40"
04/04/2024,Thu,"7,607.77",0,429.45,"-1,191.20","6,846.02","1,435.57",-258.9,"5,711.20","6,887.87"
04/05/2024,Fri,"8,431.00",0,-457.19,"-4,068.60","3,905.21","1,675.93",-278.5,"1,813.40","3,210.83"
04/06/2024,Sat,"10,686.86",0,0,0,"10,686.86","1,204.31",823.05,0,"2,027.36"
04/07/2024,Sun,0,0,0,0,0,0,0,0,0
04/08/2024,Mon,"16,894.90",0,"-1,447.00",0,"15,447.90","4,315.16",310.02,0,"4,625.18"
04/09/2024,Tue,"9,469.11",0,"2,578.80","-3,712.64","8,335.27","2,196.35","-1,094.40","5,520.66","6,622.61"
04/10/2024,Wed,"12,836.90",0,-334,-419.6,"12,083.30","1,245.43",302,51,"1,598.43"
04/11/2024,Thu,"7,181.80",0,-419.6,"-7,595.18",-832.98,"1,509.10",-18.8,"8,486.97","9,977.27"
04/12/2024,Fri,0,0,0,0,0,0,0,0,0
04/13/2024,Sat,0,0,0,0,0,0,0,0,0
04/14/2024,Sun,0,0,0,0,0,0,0,0,0
04/15/2024,Mon,"11,606.90",0,"-1,370.25",0,"10,236.65","2,882.92","-1,148.80",0,"1,734.12"
04/16/2024,Tue,"5,435.90",0,850.6,"-8,970.73","-2,684.23","1,403.20",-863.2,"10,849.95","11,389.95"
04/17/2024,Wed,"7,227.00",0,583.66,0,"7,810.66","4,425.64","-1,902.20",0,"2,523.44"
04/18/2024,Thu,"7,030.00",0,-1.02,0,"7,028.98","-11,313.34","1,431.00",0,"-9,882.34"
04/19/2024,Fri,0,0,0,0,0,0,0,0,0
04/20/2024,Sat,"8,770.10",0,0,0,"8,770.10","1,418.69","1,333.10",0,"2,751.79"
04/21/2024,Sun,0,0,0,0,0,0,0,0,0
04/22/2024,Mon,"6,552.86",0,383.57,"-12,056.29","-5,119.86","2,184.81",70.75,"6,557.74","8,813.30"
04/23/2024,Tue,"5,824.50",0,-135.12,"-3,385.98","2,303.40","1,296.15",-100,"4,558.90","5,755.05"
04/24/2024,Wed,"13,137.40",0,"-1,871.00","-2,791.86","8,474.54","4,649.38",520,0,"5,169.38"
04/25/2024,Thu,"18,023.90",0,-162.76,"-5,692.55","12,168.59","4,992.14",-330,"5,802.50","10,464.64"
04/26/2024,Fri,"6,041.00",0,-838,"-5,080.35",122.65,"1,853.79",79.6,"3,440.82","5,374.21"
04/27/2024,Sat,"17,464.02",0,0,0,"17,464.02","2,572.86",892.5,0,"3,465.36"
04/28/2024,Sun,0,0,0,0,0,0,0,0,0
04/29/2024,Mon,"14,956.50",0,-550.1,"-5,604.94","8,801.46","4,945.71",-408.9,"4,675.90","9,212.71"
04/30/2024,Tue,"13,251.00",0,-181,"-1,845.70","11,224.30","2,771.30","2,351.30",0,"5,122.60"
05/01/2024,Wed,"13,405.50",0,-142,-327.87,"12,935.63","5,090.61",17.8,145.7,"5,254.11"
05/02/2024,Thu,"7,176.86",0,-43,0,"7,133.86","3,730.71","-1,330.00",0,"2,400.71"
05/03/2024,Fri,"5,498.00",0,-159,"-3,145.14","2,193.86","1,993.30",-100,0,"1,893.30"
05/04/2024,Sat,0,0,0,0,0,0,0,0,0
05/05/2024,Sun,0,0,0,0,0,0,0,0,0
05/06/2024,Mon,"5,689.70",0,-49.59,0,"5,640.11","4,236.21",0,0,"4,236.21"
05/07/2024,Tue,"9,768.36",0,-224.31,"-6,999.42","2,544.63","2,300.37",439.56,"6,979.86","9,719.79"
05/08/2024,Wed,"14,461.50",0,-195.15,"-5,238.26","9,028.09","7,633.78",-459.11,"4,277.37","11,452.04"
05/09/2024,Thu,"6,141.00",0,-181,-34.65,"5,925.35",479.4,449.4,0,928.8
05/10/2024,Fri,"5,488.76",0,247.07,"-6,343.12",-607.29,"2,793.37",0,"3,963.73","6,757.10"
05/11/2024,Sat,"15,178.00",0,-100,0,"15,078.00","6,850.89","-1,400.40",0,"5,450.49"
05/12/2024,Sun,0,0,0,0,0,0,0,0,0
05/13/2024,Mon,"14,266.40",0,-667,"-1,061.00","12,538.40","5,032.11",-104,598.4,"5,526.51"
05/14/2024,Tue,"3,716.00",0,0,0,"3,716.00","1,556.46",0,0,"1,556.46"
05/15/2024,Wed,"8,499.00",0,"-1,182.07","-4,969.00","2,347.93","3,425.04",266.4,914.49,"4,605.93"
05/16/2024,Thu,"2,185.80",0,0,"-1,067.35","1,118.45",519.67,0,254.18,773.85
05/17/2024,Fri,"4,191.89",0,0,0,"4,191.89",649.94,0,0,649.94
05/18/2024,Sat,"12,727.00",0,-93,0,"12,634.00","3,688.74",-638.65,0,"3,050.09"
05/19/2024,Sun,0,0,0,0,0,0,0,0,0
05/20/2024,Mon,"9,669.90",0,0,0,"9,669.90","2,204.50",-124.8,0,"2,079.70"
05/21/2024,Tue,"7,689.76",0,161.87,"-20,979.59","-13,127.96","1,993.48","2,579.38","11,120.53","15,693.39"
05/22/2024,Wed,"4,965.80",221,-308.97,-74,"4,803.83","2,937.41","3,520.15",0,"6,457.56"
05/23/2024,Thu,"4,474.67",0,-27.36,"-9,555.98","-5,108.67","1,370.21","1,386.96","11,054.09","13,811.26"
05/24/2024,Fri,"14,805.86",0,-811.62,"-6,814.42","7,179.82","4,278.35","-1,212.48","2,624.56","5,690.43"
05/25/2024,Sat,0,0,0,0,0,0,0,0,0
05/26/2024,Sun,0,0,0,0,0,0,0,0,0
05/27/2024,Mon,"18,222.50",0,625.99,"-6,393.78","12,454.71","9,828.12","-4,007.55",260.8,"6,081.37"
05/28/2024,Tue,"7,061.00",0,"-1,370.91","-8,266.92","-2,576.83","2,080.80",624.2,"6,734.05","9,439.05"
05/29/2024,Wed,"4,493.00",0,21.88,"-1,343.76","3,171.12",598.2,-281,985.42,"1,302.62"
05/30/2024,Thu,"3,347.00",0,830.5,"-13,211.68","-9,034.18",937.66,"-1,455.00","11,713.52","11,196.18"
05/31/2024,Fri,"5,074.00",0,0,0,"5,074.00","4,192.60",165,0,"4,357.60"
06/01/2024,Sat,"5,433.00",0,-165,0,"5,268.00","2,063.05",891,0,"2,954.05"
06/02/2024,Sun,0,0,0,0,0,0,0,0,0
06/03/2024,Mon,"9,287.48",0,-102.99,"-10,309.35","-1,124.86","2,023.21","1,429.79","5,554.51","9,007.51"
06/04/2024,Tue,"7,300.62",0,-734.7,"-5,247.38","1,318.54","1,469.82",112,"2,268.48","3,850.30"
06/05/2024,Wed,"6,877.90",0,-97,"-2,960.75","3,820.15","2,318.51","1,259.27","3,910.95","7,488.73"
06/06/2024,Thu,"10,917.36",0,-322.73,0,"10,594.63","2,986.96",-515.14,0,"2,471.82"
06/07/2024,Fri,"9,839.76",0,-648.23,-142,"9,049.53","2,966.46",271.24,0,"3,237.70"
06/08/2024,Sat,0,0,0,0,0,0,0,0,0
06/09/2024,Sun,0,0,0,0,0,0,0,0,0
06/10/2024,Mon,"21,872.90",0,343.68,"-11,962.54","10,254.04","4,825.16",-621.07,"8,050.49","12,254.58"
06/11/2024,Tue,"4,860.90",0,0,0,"4,860.90","1,426.03",-112,0,"1,314.03"
06/12/2024,Wed,"6,998.76",0,-238.57,0,"6,760.19","1,477.97",-702,0,775.97
06/13/2024,Thu,"9,941.00",0,0,0,"9,941.00","2,999.78",713.2,0,"3,712.98"
06/14/2024,Fri,"3,940.00",0,-302,0,"3,638.00","1,195.20",-313,0,882.2
06/15/2024,Sat,"4,517.86",0,0,0,"4,517.86",579.5,-167,0,412.5
06/16/2024,Sun,0,0,0,0,0,0,0,0,0
06/17/2024,Mon,"13,033.42",0,183.79,"-25,115.05","-11,897.84","1,919.17",304,"14,319.77","16,542.94"
06/18/2024,Tue,"8,666.86",0,54.2,-920,"7,801.06","2,243.18",16,0,"2,259.18"
06/19/2024,Wed,"3,243.26",0,0,0,"3,243.26",240.46,0,0,240.46
06/20/2024,Thu,"6,893.90",0,-85.49,"-1,044.76","5,763.65","1,708.96",131.4,"1,305.70","3,146.06"
06/21/2024,Fri,"18,949.90",0,-1.57,"-3,471.33","15,477.00","5,228.65","-1,734.95","1,130.09","4,623.79"
06/22/2024,Sat,"13,280.76",0,0,0,"13,280.76",469,0,0,469
06/23/2024,Sun,0,0,0,0,0,0,0,0,0
06/24/2024,Mon,"14,686.40",0,-335.47,"-10,860.16","3,490.77","3,112.52","-1,306.20","7,296.60","9,102.92"
06/25/2024,Tue,"5,373.00",0,-611.94,-178.13,"4,582.93","1,206.00",100,0,"1,306.00"
06/26/2024,Wed,"6,021.40",0,-332.7,"-7,774.04","-2,085.34","2,261.25","2,523.40","4,031.35","8,816.00"
06/27/2024,Thu,"8,519.90",0,0,-451,"8,068.90","3,851.09",188,0,"4,039.09"
06/28/2024,Fri,"23,426.86",0,-975,"-11,634.71","10,817.15","2,311.30","1,561.00","8,063.79","11,936.09"
06/29/2024,Sat,"23,084.00",0,-614,0,"22,470.00","3,312.54",-116.31,0,"3,196.23"
06/30/2024,Sun,0,0,0,0,0,0,0,0,0
07/01/2024,Mon,"8,989.30",0,-693.26,"-4,630.24","3,665.80","3,275.63","-1,150.20","3,018.35","5,143.78"
07/02/2024,Tue,"11,805.00",0,-235.67,-829,"10,740.33","1,772.62","1,611.25",313.62,"3,697.49"
07/03/2024,Wed,"6,012.50",0,-114,0,"5,898.50","1,080.40",790.8,234,"2,105.20"
07/04/2024,Thu,0,0,0,0,0,0,0,0,0
07/05/2024,Fri,0,0,0,0,0,0,0,0,0
07/06/2024,Sat,0,0,0,0,0,0,0,0,0
07/07/2024,Sun,"4,909.00",0,0,0,"4,909.00",0,0,0,0
07/08/2024,Mon,0,0,0,0,0,0,0,0,0
07/09/2024,Tue,"4,455.86",0,-13.49,0,"4,442.37","1,498.73",0,0,"1,498.73"
07/10/2024,Wed,"22,330.80",0,-888.9,"-8,755.99","12,685.91","7,007.90","-2,475.90","4,418.09","8,950.09"
07/11/2024,Thu,"3,775.90",0,-89,0,"3,686.90","1,524.92",0,0,"1,524.92"
07/12/2024,Fri,"6,115.30",0,-564.2,0,"5,551.10",787.25,195,0,982.25
07/13/2024,Sat,0,0,0,0,0,0,0,0,0
07/14/2024,Sun,0,0,0,0,0,0,0,0,0
07/15/2024,Mon,"9,510.80",0,"-1,233.69","-10,050.51","-1,773.40","10,837.53",45,"11,325.78","22,208.31"
07/16/2024,Tue,"4,259.86",0,-766,0,"3,493.86","1,502.31",183.9,0,"1,686.21"
07/17/2024,Wed,"4,915.30",0,-417,-565.2,"3,933.10","1,679.99",132.8,0,"1,812.79"
07/18/2024,Thu,"2,290.00",0,-659,0,"1,631.00",813.21,222.4,0,"1,035.61"
07/19/2024,Fri,"3,053.90",0,-228,0,"2,825.90","1,097.00",-164.8,0,932.2
07/20/2024,Sat,"9,838.90",0,0,0,"9,838.90","4,200.90",440.2,0,"4,641.10"
07/21/2024,Sun,0,0,0,0,0,0,0,0,0
07/22/2024,Mon,"7,963.03",0,318.23,"-21,555.59","-13,274.33","1,391.10",110,"13,356.35","14,857.45"
07/23/2024,Tue,"6,360.36",0,-120,-227,"6,013.36","2,084.46",0,145.75,"2,230.21"
07/24/2024,Wed,"3,363.90",0,-68,"-2,472.90",823,"2,056.40",246.2,0,"2,302.60"
07/25/2024,Thu,"7,160.00",0,-266.47,-329.04,"6,564.49","3,496.28","1,914.45",98.96,"5,509.69"
07/26/2024,Fri,"12,860.00",0,395.63,"-8,806.34","4,449.29","8,913.51","-1,353.48","7,979.61","15,539.64"
07/27/2024,Sat,"8,545.72",0,-115,0,"8,430.72","4,191.58",333.79,0,"4,525.37"
07/28/2024,Sun,0,0,0,0,0,0,0,0,0
07/29/2024,Mon,"5,563.90",0,520.55,"-6,305.89",-221.44,"2,753.22","1,101.35","5,936.38","9,790.95"
07/30/2024,Tue,"27,080.00",0,-301.9,-792.18,"25,985.92","8,070.95","-5,077.80",357.33,"3,350.48"
07/31/2024,Wed,"1,908.90",0,-46,"-6,597.64","-4,734.74","1,083.00",-578,"1,586.26","2,091.26"
08/01/2024,Thu,0,0,-335.62,"-3,151.79","-3,487.41",124.3,-0.2,"1,852.68","1,976.78"
08/02/2024,Fri,"13,938.00",0,-874,"-2,856.00","10,208.00","3,191.23",-723.7,"1,176.40","3,643.93"
08/03/2024,Sat,0,0,0,0,0,0,0,0,0
08/04/2024,Sun,0,0,0,0,0,0,0,0,0
08/05/2024,Mon,"4,670.80",0,41,-239.94,"4,471.86","1,135.41",-84.95,302.76,"1,353.22"
08/06/2024,Tue,"1,041.00",0,0,0,"1,041.00",953.33,0,0,953.33
08/07/2024,Wed,"5,867.00",0,-232,"-3,158.00","2,477.00",860.92,-174.2,"1,357.40","2,044.12"
08/08/2024,Thu,"5,010.86",0,-712.76,-377,"3,921.10","2,173.22",-163.84,308.1,"2,317.48"
08/09/2024,Fri,"6,260.00",0,-197,-720,"5,343.00","4,579.81",50,543.3,"5,173.11"
08/10/2024,Sat,"8,791.00",0,0,0,"8,791.00","1,457.65",217.05,0,"1,674.70"
08/11/2024,Sun,0,0,0,0,0,0,0,0,0
08/12/2024,Mon,"9,840.00",0,-563.77,"-4,305.80","4,970.43","8,460.70",759.3,"4,564.89","13,784.89"
08/13/2024,Tue,"5,407.00",0,298.92,-11,"5,694.92","1,195.18",258.9,0,"1,454.08"
08/14/2024,Wed,"6,668.72",0,-56.5,"-6,642.47",-30.25,735.2,29.4,"6,263.62","7,028.22"
08/15/2024,Thu,"4,034.00",0,40,"-1,010.52","3,063.48","1,132.39",-165.26,"1,042.80","2,009.93"
08/16/2024,Fri,"4,406.00",0,72.39,"-2,222.90","2,255.49","1,373.62",-278.52,901.25,"1,996.35"
08/17/2024,Sat,0,0,0,0,0,0,0,0,0
08/18/2024,Sun,0,0,0,0,0,0,0,0,0
08/19/2024,Mon,"9,279.66",0,-556.5,"-4,318.00","4,405.16","3,213.24",788.25,436,"4,437.49"
08/20/2024,Tue,"6,028.86",0,-626,0,"5,402.86","1,342.74",715,0,"2,057.74"
08/21/2024,Wed,"4,629.00",0,0,"-3,149.00","1,480.00","1,220.39",330.44,"1,481.20","3,032.03"
08/22/2024,Thu,"9,000.00",0,-428.7,"-1,273.84","7,297.46","2,766.90",-751.4,"1,931.30","3,946.80"
08/23/2024,Fri,"3,514.00",0,0,"-3,353.00",161,564.4,75,"1,635.40","2,274.80"
08/24/2024,Sat,"18,280.80",0,0,0,"18,280.80","4,370.35",645.13,0,"5,015.48"
08/25/2024,Sun,0,0,0,0,0,"1,138.00",0,0,"1,138.00"
08/26/2024,Mon,"5,505.90",0,-54.9,-187,"5,264.00","3,763.78",-981.7,96,"2,878.08"
08/27/2024,Tue,"1,982.00",0,"-2,143.06","-6,822.70","-6,983.76",813,100,"7,095.80","8,008.80"
08/28/2024,Wed,"7,706.70",0,-194.16,"-5,556.12","1,956.42","1,077.80",363.67,"2,841.97","4,283.44"
08/29/2024,Thu,"6,888.00",0,-476.5,"-2,534.71","3,876.79","3,422.15",-605,"1,891.50","4,708.65"
08/30/2024,Fri,350,0,-259.97,-717.9,-627.87,"2,191.33",0,192.7,"2,384.03"
08/31/2024,Sat,0,0,0,0,0,0,0,0,0
09/01/2024,Sun,0,0,0,0,0,0,0,0,0
09/02/2024,Mon,0,0,0,0,0,0,0,0,0
09/03/2024,Tue,"9,314.90",0,-739.4,"-10,331.38","-1,755.88","3,112.60",-382.53,"7,710.04","10,440.11"
09/04/2024,Wed,"6,313.76",0,"-2,495.61",-988.25,"2,829.90",527.87,-111.14,0,416.73
09/05/2024,Thu,"6,951.00",0,-185.6,0,"6,765.40","-5,511.43",-124.14,0,"-5,635.57"
09/06/2024,Fri,"13,566.76",0,"-1,462.00",0,"12,104.76","4,392.04",958.7,0,"5,350.74"
09/07/2024,Sat,"24,835.56",0,-56,0,"24,779.56","4,665.40",259.4,0,"4,924.80"
09/08/2024,Sun,0,0,0,0,0,0,0,0,0
09/09/2024,Mon,"3,380.00",0,-89,"-3,350.00",-59,939.6,-50,0,889.6
09/10/2024,Tue,"4,905.00",0,14.14,"-2,303.63","2,615.51","1,026.87",0,"2,481.27","3,508.14"
09/11/2024,Wed,"6,735.90",0,-933,0,"5,802.90","2,408.00",-821.52,0,"1,586.48"
09/12/2024,Thu,"1,452.00",0,-204,0,"1,248.00",79.6,50,552,681.6
09/13/2024,Fri,0,0,0,"-1,020.00","-1,020.00",0,0,"1,039.50","1,039.50"
09/14/2024,Sat,0,0,0,0,0,0,0,0,0
09/15/2024,Sun,0,0,0,0,0,0,0,0,0
09/16/2024,Mon,"7,688.00",0,-862.64,"-2,308.70","4,516.66","10,906.60",-268.1,"2,688.86","13,327.36"
09/17/2024,Tue,"7,437.00",0,418.38,"-8,936.65","-1,081.27","2,677.00",859.26,"6,830.97","10,367.23"
09/18/2024,Wed,"1,533.00",0,25.52,-700,858.52,333.48,-59.48,0,274
09/19/2024,Thu,"6,326.00",0,3.19,"-9,138.51","-2,809.32","1,550.06","2,033.90","4,480.88","8,064.84"
09/20/2024,Fri,"8,313.00",0,0,"-1,715.92","6,597.08","4,358.14",-85,"1,447.03","5,720.17"
09/21/2024,Sat,"10,635.00",0,"-3,340.10",0,"7,294.90",761.2,-23.4,0,737.8
09/22/2024,Sun,0,0,0,0,0,0,0,0,0
09/23/2024,Mon,"12,353.86",0,-416.83,"-2,420.56","9,516.47","4,681.62","-1,841.90","2,641.25","5,480.97"
09/24/2024,Tue,"10,128.98",0,-650.13,"-11,944.45","-2,465.60","2,227.35",322.4,"7,065.65","9,615.40"
09/25/2024,Wed,"3,422.00",0,-473,"-5,059.00","-2,110.00","1,789.12",-50,"1,048.90","2,788.02"
09/26/2024,Thu,"10,875.70",0,-427.24,"-3,908.66","6,539.80",740.71,0,"2,250.17","2,990.88"
09/27/2024,Fri,"2,351.76",0,-2.6,0,"2,349.16",730.2,100,0,830.2
09/28/2024,Sat,0,0,0,0,0,0,0,0,0
09/29/2024,Sun,0,0,0,0,0,0,0,0,0
09/30/2024,Mon,"11,404.80",0,-538.7,0,"10,866.10","4,755.73","5,799.00",0,"10,554.73"
10/01/2024,Tue,"7,395.90",0,-89,"-1,424.51","5,882.39","3,648.29",368.66,"1,846.34","5,863.29"
10/02/2024,Wed,"5,589.86",0,"-1,023.91",-972.51,"3,593.44","2,789.52",0,0,"2,789.52"
10/03/2024,Thu,"7,004.98",0,"-1,940.24",0,"5,064.74","2,097.68",0,0,"2,097.68"
10/04/2024,Fri,"9,884.00",0,-496.5,-723.76,"8,663.74","2,456.23","-1,438.83",0,"1,017.40"
10/05/2024,Sat,"19,507.90",0,-974.59,0,"18,533.31","4,510.34",-407.24,0,"4,103.10"
10/06/2024,Sun,0,0,0,0,0,"1,700.33",0,0,"1,700.33"
10/07/2024,Mon,"3,136.90",0,-89,"-3,937.85",-889.95,282.8,340,"3,012.74","3,635.54"
10/08/2024,Tue,"16,146.00",0,"-2,644.65","-1,345.00","12,156.35","1,641.67","10,000.00",897.51,"12,539.18"
10/09/2024,Wed,"9,001.00",0,-992.68,"-1,007.00","7,001.32","2,121.85",-690,765.01,"2,196.86"
10/10/2024,Thu,"5,377.98",0,"-1,155.97","-11,323.77","-7,101.76","2,962.11",-61.96,"5,919.33","8,819.48"
10/11/2024,Fri,"5,990.80",0,-264,0,"5,726.80",840.06,441,0,"1,281.06"
10/12/2024,Sat,"2,382.00",0,0,0,"2,382.00",370,-75,0,295
10/13/2024,Sun,0,0,0,0,0,25,0,0,25
10/14/2024,Mon,"9,876.00",0,"-1,060.03","-4,027.05","4,788.92","2,209.30",0,"1,899.16","4,108.46"
10/15/2024,Tue,"13,738.90",0,-795.79,0,"12,943.11","1,140.94","1,395.00",0,"2,535.94"
10/16/2024,Wed,"9,020.00",0,"-1,768.70","-2,644.40","4,606.90","4,080.79",59.25,"1,319.70","5,459.74"
10/17/2024,Thu,"7,367.00",0,-805,"-3,320.86","3,241.14","1,485.19",-168.45,"2,571.78","3,888.52"
10/18/2024,Fri,"21,797.00",0,"-1,058.67","-1,152.42","19,585.91","4,139.46",-289.21,0,"3,850.25"
10/19/2024,Sat,0,0,0,0,0,554.16,0,0,554.16
10/20/2024,Sun,0,0,0,0,0,0,0,0,0
10/21/2024,Mon,"6,744.00",0,172,"-10,190.66","-3,274.66",340,50,"5,977.64","6,367.64"
10/22/2024,Tue,"3,564.00",0,-315,"-5,213.80","-1,964.80","2,035.10",75,"3,523.07","5,633.17"
10/23/2024,Wed,"4,412.86",0,148.79,-79.66,"4,481.99","2,864.47",0,0,"2,864.47"
10/24/2024,Thu,"3,151.00",0,-351,0,"2,800.00","1,256.77",-235,0,"1,021.77"
10/25/2024,Fri,"3,583.00",0,0,0,"3,583.00",964.8,300,0,"1,264.80"
10/26/2024,Sat,"5,860.00",0,-292.46,0,"5,567.54","1,507.18",-584.76,0,922.42
10/27/2024,Sun,0,0,0,0,0,0,0,0,0
10/28/2024,Mon,"11,774.00",0,273.07,"-6,724.84","5,322.23","4,591.95",521.8,"4,564.35","9,678.10"
10/29/2024,Tue,"8,522.00",0,-7.99,-361,"8,153.01",362.6,120.4,497.01,980.01
10/30/2024,Wed,"4,391.00",0,-200.52,"-8,271.90","-4,081.42","3,070.33",-690,"4,584.87","6,965.20"
10/31/2024,Thu,"1,750.00",0,"-1,447.00","-5,397.00","-5,094.00",366.33,297.45,"4,546.70","5,210.48"
11/01/2024,Fri,"1,632.00",0,122.4,-674,"1,080.40",71.6,-10.6,0,61
11/02/2024,Sat,"9,362.00",0,-119.5,0,"9,242.50","4,779.66",-431.9,0,"4,347.76"
11/03/2024,Sun,0,0,0,0,0,0,0,0,0
11/04/2024,Mon,"3,033.00",0,-308.5,"-2,112.25",612.25,"1,695.81",-100,"2,035.15","3,630.96"
11/05/2024,Tue,"2,453.00",0,-754.6,0,"1,698.40",376.06,"1,000.00",0,"1,376.06"
11/06/2024,Wed,"6,710.00",0,0,0,"6,710.00","2,804.99",-50,0,"2,754.99"
11/07/2024,Thu,"10,928.00",0,-745.77,"-5,597.00","4,585.23","1,686.90",363,"4,032.70","6,082.60"
11/08/2024,Fri,"4,776.00",0,0,0,"4,776.00","1,111.66",0,0,"1,111.66"
11/09/2024,Sat,0,0,0,0,0,0,0,0,0
11/10/2024,Sun,0,0,0,0,0,0,0,0,0
11/11/2024,Mon,"3,403.00",0,23.85,"-4,613.23","-1,186.38","1,383.96",279.04,"5,730.78","7,393.78"
11/12/2024,Tue,"8,138.00",0,-274.73,"-3,401.80","4,461.47","5,928.90","-5,176.50",943.48,"1,695.88"
11/13/2024,Wed,"5,515.00",0,-457,-700,"4,358.00","2,735.00","-2,678.80",520.91,577.11
11/14/2024,Thu,"7,743.86",0,-427.65,-488.76,"6,827.45","1,327.40",51.8,258.76,"1,637.96"
11/15/2024,Fri,"6,348.00",0,0,0,"6,348.00","1,137.80",-50,0,"1,087.80"
11/16/2024,Sat,"8,448.00",0,-57.8,0,"8,390.20","3,095.80",100,0,"3,195.80"
11/17/2024,Sun,0,0,0,0,0,0,0,0,0
11/18/2024,Mon,"3,121.00",0,-775.95,"-2,806.35",-461.3,"2,287.27",-229,"2,886.32","4,944.59"
11/19/2024,Tue,"15,306.00",0,-472.67,"-8,735.00","6,098.33","4,638.53","-2,579.60","6,744.90","8,803.83"
11/20/2024,Wed,"5,512.00",0,-302.72,0,"5,209.28","1,710.00",0,0,"1,710.00"
11/21/2024,Thu,946,0,0,0,946,151.66,0,0,151.66
11/22/2024,Fri,"8,651.90",0,-149,0,"8,502.90","1,723.30",759.7,0,"2,483.00"
11/23/2024,Sat,0,0,0,0,0,0,0,0,0
11/24/2024,Sun,0,0,0,0,0,250,0,0,250
11/25/2024,Mon,"14,784.00",0,"-2,169.24","-3,634.11","8,980.65","2,054.45",-321.8,"2,033.98","3,766.63"
11/26/2024,Tue,"9,259.00",0,-529.46,"-12,481.26","-3,751.72","2,929.50",-0.9,"6,828.17","9,756.77"
11/27/2024,Wed,"6,221.00",0,144.64,"-4,464.00","1,901.64","2,850.92",40.8,"2,662.94","5,554.66"
11/28/2024,Thu,0,0,0,0,0,0,0,0,0
11/29/2024,Fri,0,0,0,0,0,0,0,0,0
11/30/2024,Sat,0,0,0,0,0,600.33,0,0,600.33
12/01/2024,Sun,0,0,0,0,0,0,0,0,0
12/02/2024,Mon,"2,293.00",0,-63,"-5,245.82","-3,015.82",861.35,251.8,"4,639.29","5,752.44"
12/03/2024,Tue,"6,621.00",0,-86.08,"-2,604.28","3,930.64",825,-257.2,"4,262.50","4,830.30"
12/04/2024,Wed,"9,946.98",0,-25,0,"9,921.98","3,858.49",100,0,"3,958.49"
12/05/2024,Thu,"6,014.00",0,-53,0,"5,961.00","1,236.80",-5.06,0,"1,231.74"
12/06/2024,Fri,"11,205.00",0,-548,"-2,855.11","7,801.89","4,532.67",-141.34,"2,458.11","6,849.44"
12/07/2024,Sat,"4,875.00",0,-251,0,"4,624.00","1,517.80",194,0,"1,711.80"
12/08/2024,Sun,0,0,0,0,0,394.76,0,0,394.76
12/09/2024,Mon,"3,506.00",0,-120,-162.39,"3,223.61",645.49,-161.8,99.97,583.66
12/10/2024,Tue,"10,688.00",0,-92,-926,"9,670.00","2,533.51",-3.2,305.2,"2,835.51"
12/11/2024,Wed,"4,276.00",0,0,0,"4,276.00",904.11,0,"1,453.80","2,357.91"
12/12/2024,Thu,"10,160.00",0,-352,0,"9,808.00","2,638.27",-256.8,0,"2,381.47"
12/13/2024,Fri,"4,848.00",0,-208,0,"4,640.00","1,438.00",703,0,"2,141.00"
12/14/2024,Sat,0,0,0,0,0,0,0,0,0
12/15/2024,Sun,0,0,0,0,0,"1,031.00",0,0,"1,031.00"
12/16/2024,Mon,"8,161.00",0,-18.19,"-9,340.51","-1,197.70","3,790.23",783.04,"5,734.40","10,307.67"
12/17/2024,Tue,"10,377.00",0,-380,"-8,416.12","1,580.88","1,613.20",64.45,"8,477.55","10,155.20"
12/18/2024,Wed,"7,620.00",0,0,0,"7,620.00","1,484.52",-608,0,876.52
12/19/2024,Thu,"3,944.77",0,0,0,"3,944.77","2,080.86",-314,0,"1,766.86"
12/20/2024,Fri,"30,874.00",0,"-12,704.98",0,"18,169.02","10,117.60","-6,479.80",0,"3,637.80"
12/21/2024,Sat,"10,661.00",0,-131,"-18,199.17","-7,669.17","1,609.58",-116.68,"10,227.71","11,720.61"
12/22/2024,Sun,0,0,0,0,0,0,0,0,0
12/23/2024,Mon,"6,954.00",0,-273.2,-346.39,"6,334.41",552,239.33,0,791.33
12/24/2024,Tue,"10,112.00",0,0,0,"10,112.00","4,094.34",-137.53,0,"3,956.81"
12/25/2024,Wed,0,0,0,0,0,338,0,0,338
12/26/2024,Thu,0,0,0,0,0,0,0,0,0
12/27/2024,Fri,0,0,-202.5,"-3,549.60","-3,752.10",499.5,-249.5,"2,307.45","2,557.45"
12/28/2024,Sat,0,0,0,0,0,0,0,0,0
12/29/2024,Sun,0,0,0,0,0,0,0,0,0
12/30/2024,Mon,"7,595.00",0,-87.09,0,"7,507.91","1,563.54",-69,0,"1,494.54"
12/31/2024,Tue,0,0,0,"-3,784.13","-3,784.13",0,0,"1,389.24","1,389.24"
01/01/2025,Wed,0,0,0,0,0,0,0,0,0
01/02/2025,Thu,0,0,0,0,0,0,0,0,0
01/03/2025,Fri,"9,810.00",0,-181,0,"9,629.00","2,700.73",-661.2,0,"2,039.53"
01/04/2025,Sat,"9,223.00",0,-24.6,"-27,350.22","-18,151.82","2,804.77","1,095.79","15,356.12","19,256.68"
01/05/2025,Sun,0,0,0,0,0,0,0,0,0
01/06/2025,Mon,"16,545.00",0,0,0,"16,545.00","3,179.42",375.23,0,"3,554.65"
01/07/2025,Tue,"5,523.00",0,-199.2,0,"5,323.80","1,487.15",318.26,0,"1,805.41"
01/08/2025,Wed,"1,901.00",0,0,0,"1,901.00",338.03,200,0,538.03
01/09/2025,Thu,"2,735.00",50,-66.6,0,"2,718.40",515.4,-45.2,0,470.2
01/10/2025,Fri,"5,095.00",0,-912.4,0,"4,182.60","1,195.78","1,053.15",0,"2,248.93"
01/11/2025,Sat,0,0,0,"-7,680.03","-7,680.03",394.76,0,"5,205.19","5,599.95"
01/12/2025,Sun,0,0,0,0,0,25,0,0,25
01/13/2025,Mon,"19,213.00",0,-698.36,-110.42,"18,404.22","5,054.39",194.54,0,"5,248.93"
01/14/2025,Tue,"6,039.00",0,-120.4,0,"5,918.60","2,725.18","1,939.60",0,"4,664.78"
01/15/2025,Wed,"7,100.00",0,0,0,"7,100.00","2,651.79",68.8,0,"2,720.59"
01/16/2025,Thu,"8,968.00",0,-143,0,"8,825.00","1,652.50",35,0,"1,687.50"
01/17/2025,Fri,"7,754.00",0,-7.2,0,"7,746.80","2,536.39",828,0,"3,364.39"
01/18/2025,Sat,"12,601.00",0,-497,"-13,800.09","-1,696.09","2,327.08",-543.24,"7,402.81","9,186.65"
01/19/2025,Sun,0,0,-47.63,0,-47.63,554.16,0,0,554.16
01/20/2025,Mon,"7,390.90",0,-652.95,0,"6,737.95","2,759.19",5,0,"2,764.19"
01/21/2025,Tue,"3,596.00",0,0,0,"3,596.00",793.7,-793.7,0,0
01/22/2025,Wed,0,0,0,0,0,0,0,0,0
01/23/2025,Thu,"8,348.00",0,-76,0,"8,272.00","2,238.45",726.76,0,"2,965.21"
01/24/2025,Fri,"7,043.00",0,-358.2,"-4,333.55","2,351.25",992.6,650,"3,720.61","5,363.21"
01/25/2025,Sat,0,0,-36,"-5,072.30","-5,108.30",338,0,"2,674.74","3,012.74"
01/26/2025,Sun,0,0,0,0,0,0,0,0,0
01/27/2025,Mon,"9,682.00",0,-206.73,0,"9,475.27","2,148.35","3,147.25",0,"5,295.60"
01/28/2025,Tue,"11,581.00",0,0,0,"11,581.00","2,998.76",-240,0,"2,758.76"
01/29/2025,Wed,"5,489.00",0,-522.64,"-5,202.41",-236.05,"1,494.03",269.17,"4,307.14","6,070.34"
01/30/2025,Thu,"8,712.00",0,-261,0,"8,451.00","2,165.20",-861.25,0,"1,303.95"
01/31/2025,Fri,"8,063.00",0,-909.41,"-9,353.71","-2,200.12",941.05,270.27,"9,144.22","10,355.54"
02/01/2025,Sat,"9,388.00",0,-437.08,0,"8,950.92","2,244.19",-150.34,0,"2,093.85"
02/02/2025,Sun,0,0,0,0,0,0,0,0,0
02/03/2025,Mon,"7,130.00",0,-181,0,"6,949.00","1,529.30",336.25,0,"1,865.55"
02/04/2025,Tue,"6,934.24",0,-170,0,"6,764.24",969.69,54.08,0,"1,023.77"
02/05/2025,Wed,"9,825.00",0,0,"-3,580.63","6,244.37",537,749.8,"2,115.19","3,401.99"
02/06/2025,Thu,"6,977.00",0,-192,0,"6,785.00","1,639.91",-929.41,0,710.5
02/07/2025,Fri,"11,727.00",0,-383.5,"-17,313.00","-5,969.50","3,409.37","3,176.50","7,545.70","14,131.57"
02/08/2025,Sat,0,0,0,0,0,394.76,0,0,394.76
02/09/2025,Sun,0,0,-54,0,-54,0,0,0,0
02/10/2025,Mon,"8,087.00",0,-486.66,0,"7,600.34","1,254.60",436.55,0,"1,691.15"
02/11/2025,Tue,"6,285.00",0,0,0,"6,285.00",496.6,313.7,0,810.3
02/12/2025,Wed,"6,760.00",0,0,"-1,837.20","4,922.80","2,986.15",213,0,"3,199.15"
02/13/2025,Thu,"4,845.00",0,-399.9,"-8,314.00","-3,868.90","1,151.63",403.8,"3,177.00","4,732.43"
02/14/2025,Fri,"18,081.00",0,-181,"-4,707.62","13,192.38","4,470.45","-2,713.20","4,154.68","5,911.93"
02/15/2025,Sat,"3,017.00",0,0,"-1,040.66","1,976.34","2,128.09",-65.4,710.26,"2,772.95"
02/16/2025,Sun,0,0,0,0,0,0,0,0,0
02/17/2025,Mon,"9,435.00",0,-451.7,0,"8,983.30","6,810.43",-21.8,0,"6,788.63"
02/18/2025,Tue,"7,815.00",0,-670.77,"-4,465.19","2,679.04","3,656.36","-2,381.16","3,395.19","4,670.39"
02/19/2025,Wed,"7,185.00",0,-53.25,0,"7,131.75","2,017.25",184.7,0,"2,201.95"
02/20/2025,Thu,"7,332.00",0,-426,"-3,964.87","2,941.13","3,261.50",254,"2,811.96","6,327.46"
02/21/2025,Fri,"5,668.00",0,-929.6,"-13,677.85","-8,939.45",998.94,"11,447.19","8,800.25","21,246.38"
02/22/2025,Sat,0,0,0,0,0,0,0,0,0
02/23/2025,Sun,0,0,0,0,0,0,0,0,0
02/24/2025,Mon,"10,168.00",0,-44,"-4,416.86","5,707.14","1,584.67",-91.7,"3,560.81","5,053.78"
02/25/2025,Tue,"5,855.24",0,-426,0,"5,429.24","3,231.41",149.8,0,"3,381.21"
02/26/2025,Wed,"6,277.00",0,-776.01,0,"5,500.99","2,591.79",189.3,0,"2,781.09"
02/27/2025,Thu,"8,312.00",0,-251,"-7,338.00",723,"1,259.00","8,151.00","2,916.80","12,326.80"
02/28/2025,Fri,"12,820.00",0,98.35,"-9,405.28","3,513.07","2,683.53","-1,363.40","8,067.13","9,387.26"
03/01/2025,Sat,"4,799.00",0,-363,0,"4,436.00",856.42,50,0,906.42
03/02/2025,Sun,0,0,0,0,0,0,0,0,0
03/03/2025,Mon,"5,468.00",0,"-1,262.65","-1,699.00","2,506.35","1,391.20",405,"1,879.25","3,675.45"
03/04/2025,Tue,"14,201.00",0,-560.4,"-3,657.13","9,983.47","3,062.60",-443.65,"3,524.20","6,143.15"
03/05/2025,Wed,"5,968.00",0,-629.83,"-3,959.00","1,379.17","1,588.77",407.4,"1,980.90","3,977.07"
03/06/2025,Thu,"16,002.00",0,"-4,973.70","-6,535.93","4,492.37","3,124.33",79.8,"4,082.17","7,286.30"
03/07/2025,Fri,"14,746.00",0,"-1,531.60",-358.1,"12,856.30","3,468.20","4,101.30",197.5,"7,767.00"
03/08/2025,Sat,0,0,0,0,0,0,0,0,0
03/09/2025,Sun,0,0,0,0,0,394.76,0,0,394.76
03/10/2025,Mon,"11,210.00",0,-542,"-7,239.07","3,428.93","11,445.12",822.88,"4,958.86","17,226.86"
03/11/2025,Tue,"7,778.00",0,"-4,600.20",-688,"2,489.80","1,431.60",128.4,757.2,"2,317.20"
03/12/2025,Wed,"8,541.25",0,-292,"-3,288.70","4,960.55","1,545.25",0,"1,335.63","2,880.88"
03/13/2025,Thu,"8,933.00",0,-269.6,"-7,630.00","1,033.40","1,187.80","1,390.00","4,608.40","7,186.20"
03/14/2025,Fri,"6,447.00",0,-643,0,"5,804.00",934.17,649.35,0,"1,583.52"
03/15/2025,Sat,"7,861.00",0,-228,0,"7,633.00","2,971.12",273,0,"3,244.12"
03/16/2025,Sun,0,0,0,0,0,0,0,0,0
03/17/2025,Mon,"10,995.00",0,-378.45,"-5,699.39","4,917.16","5,230.46","2,309.50","7,186.64","14,726.60"
03/18/2025,Tue,"10,984.00",0,-221,"-1,524.26","9,238.74","1,713.46","1,129.20","2,366.00","5,208.66"
03/19/2025,Wed,"22,288.00",0,"-2,751.20","-3,837.75","15,699.05","3,473.67","-1,257.05","2,412.85","4,629.47"
03/20/2025,Thu,"8,545.00",0,"-1,715.26",0,"6,829.74","5,849.58","1,643.65",0,"7,493.23"
03/21/2025,Fri,"25,569.00",0,-482.69,"-17,109.05","7,977.26","4,784.14","-1,386.78","9,256.43","12,653.79"
03/22/2025,Sat,"6,442.00",0,-954.9,0,"5,487.10",576.27,798,0,"1,374.27"
03/23/2025,Sun,0,0,0,0,0,0,0,0,0
03/24/2025,Mon,"12,529.00",0,-831.61,-165,"11,532.39","2,382.00","1,646.20",0,"4,028.20"
03/25/2025,Tue,"7,750.00",0,"-1,842.75",0,"5,907.25","1,306.70",16,0,"1,322.70"
03/26/2025,Wed,"7,849.00",0,-625.92,"-8,197.53",-974.45,"1,153.16","1,541.08","6,003.58","8,697.82"
03/27/2025,Thu,"12,785.00",0,"-1,637.07","-13,702.95","-2,555.02","3,041.00",678.8,"7,916.93","11,636.73"
03/28/2025,Fri,"11,835.00",0,-991,"-3,730.58","7,113.42","1,883.96","2,255.70",0,"4,139.66"
03/29/2025,Sat,"8,788.00",0,-299.39,0,"8,488.61","2,030.84",173.94,0,"2,204.78"
03/30/2025,Sun,0,0,0,0,0,0,0,0,0
03/31/2025,Mon,"27,103.00",0,"-4,270.00","-3,969.07","18,863.93","5,281.13",-119.65,"2,251.33","7,412.81"
04/01/2025,Tue,"11,553.00",0,"-1,305.00",0,"10,248.00","2,926.75",226,0,"3,152.75"
04/02/2025,Wed,"5,196.00",0,-785.56,"-11,405.03","-6,994.59",565,346.8,"10,190.87","11,102.67"
04/03/2025,Thu,"15,083.00",0,"-3,017.08","-10,375.60","1,690.32","1,934.51",32.8,"3,692.30","5,659.61"
04/04/2025,Fri,"7,970.00",0,-717.5,"-5,303.51","1,948.99","2,753.34",658.75,"4,546.27","7,958.36"
04/05/2025,Sat,0,0,0,0,0,75,0,0,75
04/06/2025,Sun,0,0,0,0,0,0,0,0,0
04/07/2025,Mon,"18,039.00",0,"-1,577.75","-23,967.97","-7,506.72","6,052.22","1,763.04","8,506.29","16,321.55"
04/08/2025,Tue,"13,061.00",0,"-1,817.00","-1,073.00","10,171.00","3,655.51","-1,477.22",0,"2,178.29"
04/09/2025,Wed,"2,418.00",0,-256,-49,"2,113.00",96,0,0,96
04/10/2025,Thu,"11,845.00",0,"-2,056.00",-402,"9,387.00","3,716.26","7,437.03",0,"11,153.29"
04/11/2025,Fri,"11,433.00",67,-235,"-1,883.00","9,382.00",838.07,"2,507.50","1,371.13","4,716.70"
04/12/2025,Sat,"16,250.00",0,"-3,581.70",0,"12,668.30","3,745.11",430.03,0,"4,175.14"
04/13/2025,Sun,0,0,0,0,0,0,0,0,0
04/14/2025,Mon,"16,989.00",0,-503.96,"-11,749.39","4,735.65","1,257.12",591.75,"6,502.67","8,351.54"
04/15/2025,Tue,"6,263.00",0,"-1,593.00",0,"4,670.00",631.74,"5,731.26",0,"6,363.00"
04/16/2025,Wed,"7,357.00",0,-727,"-8,447.73","-1,817.73","4,599.68","-2,022.48","3,465.80","6,043.00"
04/17/2025,Thu,"8,174.00",0,"-1,484.20",0,"6,689.80","1,655.64","1,018.00",0,"2,673.64"
04/18/2025,Fri,"14,746.00",0,"-2,271.73","-8,368.50","4,105.77","7,087.60","1,315.05","4,443.80","12,846.45"
04/19/2025,Sat,0,0,0,0,0,0,0,0,0
04/20/2025,Sun,0,0,0,0,0,0,0,0,0
04/21/2025,Mon,"9,792.40",0,-744.4,"-6,169.47","2,878.53","2,449.70","1,614.67","3,834.75","7,899.12"
04/22/2025,Tue,"10,584.00",0,"-1,782.00","-1,399.53","7,402.47","1,294.80","1,881.20",549.08,"3,725.08"
04/23/2025,Wed,"8,931.00",0,"-2,356.00",0,"6,575.00","4,723.25","1,174.17",0,"5,897.42"
04/24/2025,Thu,"7,006.00",0,-767,-200,"6,039.00",511.8,-10.8,0,501
04/25/2025,Fri,"9,206.00",0,-161,0,"9,045.00","3,112.93",540.42,0,"3,653.35"
04/26/2025,Sat,"14,498.00",0,"-2,771.00",0,"11,727.00","1,555.10","1,112.44",0,"2,667.54"
04/27/2025,Sun,0,0,0,0,0,0,0,0,0
04/28/2025,Mon,"27,603.00",0,"-1,040.00","-5,715.76","20,847.24","4,056.68","2,673.11","4,031.45","10,761.24"
04/29/2025,Tue,"17,875.00",0,"-2,436.00","-12,231.16","3,207.84","3,123.18","1,785.50","4,208.80","9,117.48"
04/30/2025,Wed,"3,715.00",0,-998,"-14,724.23","-12,007.23",693.5,-587,"6,340.01","6,446.51"
05/01/2025,Thu,"10,976.00",0.00,"-1,233.00",-51.00,"9,692.00","1,837.46","2,520.11",0.00,"4,357.57"
05/02/2025,Fri,"34,057.00",0.00,"-4,274.20","-5,640.13","24,142.67","3,935.39",-745.00,"2,109.34","5,299.73"
05/03/2025,Sat,150.00,0.00,0.00,0.00,150.00,0.00,0.00,0.00,0.00
05/04/2025,Sun,0.00,0.00,0.00,0.00,0.00,0.00,0.00,0.00,0.00
05/05/2025,Mon,"12,005.00",0.00,"-4,303.85","-4,698.21","3,002.94","2,219.80",-83.15,"3,110.55","5,247.20"
05/06/2025,Tue,"10,646.00",0.00,-732.48,0.00,"9,913.52",737.90,"1,392.60",175.79,"2,306.29"
05/07/2025,Wed,"8,733.00",0.00,"-1,083.63",-290.00,"7,359.37","1,224.19",-356.08,0.00,868.11
05/08/2025,Thu,"19,944.00",0.00,"-2,307.20","-11,963.00","5,673.80","3,038.61",-995.77,"5,214.80","7,257.64"
05/09/2025,Fri,"18,611.00",0.00,"-1,057.00","-1,340.00","16,214.00","2,547.33","-1,863.50","1,043.20","1,727.03"
05/10/2025,Sat,"16,761.00",0.00,"-2,482.00",0.00,"14,279.00","1,841.80","1,600.10",0.00,"3,441.90"
05/11/2025,Sun,0.00,0.00,0.00,0.00,0.00,0.00,0.00,0.00,0.00
05/12/2025,Mon,"33,914.00",0.00,"-1,998.70","-5,406.91","26,508.39","7,726.52","3,984.43","4,288.60","15,999.55"
05/13/2025,Tue,"15,262.00",0.00,"-1,504.25",0.00,"13,757.75","2,519.70",-433.70,0.00,"2,086.00"